Team Name,Candidate Type,Candidate Name,Candidate Email,Candidate Mobile
Quia eaque,team leader,Tiya Krishnamurthy,tiyakrishnamurthy@example.com,8421266071.0
Ab eius,team member,Krish Madan,krishmadan@example.com,4823927726.0
Ab eius,team member,Shlok Varughese,shlokvarughese@example.com,2196306734.0
Ab eius,team leader,Aaryahi Gara,aaryahigara@example.com,9207423064.0
Illo impedit,team leader,Ahana  Gokhale,ahanagokhale@example.com,5318661231.0
Ex sapiente,team leader,Anahi Varghese,anahivarghese@example.com,912336154745.0
Labore aliquid,team leader,Eshani Kunda,eshanikunda@example.com,8716251234.0
Cupiditate accusamus,team leader,Ivana Baria,ivanabaria@example.com,7951352026.0
Distinctio fugit,team leader,Zeeshan Shetty,zeeshanshetty@example.com,9450753210.0
Repellendus at,team leader,Ira Baral,irabaral@example.com,916378372357.0
Repellendus at,team member,Reyansh Grewal,reyanshgrewal@example.com,913527441263.0
Aperiam eaque,team leader,Shalv Chakraborty,shalvchakraborty@example.com,6839250990.0
Velit quae,team leader,Tanya Chawla,tanyachawla@example.com,5756579507.0
Totam quos,team leader,Arnav Saraf,arnavsaraf@example.com,8294195498.0
Doloremque voluptas,team leader,Ayesha Barman,ayeshabarman@example.com,5976726424.0
Consequuntur corporis,team member,Amira Sidhu,amirasidhu@example.com,917097859778.0
Consequuntur corporis,team leader,Saira Sharma,sairasharma@example.com,918518779124.0
Vero nobis,team leader,Kiara Tata,kiaratata@example.com,2706296979.0
Ea possimus,team leader,Mohanlal Bhandari,mohanlalbhandari@example.com,5415737328.0
Provident sint,team leader,Tarini Comar,tarinicomar@example.com,346861169.0
Rem adipisci,team leader,Urvi Ben,urviben@example.com,6364759102.0
Doloremque nostrum,team leader,Shayak Chanda,shayakchanda@example.com,3059126052.0
Soluta iusto,team leader,Anay Anne,anayanne@example.com,3870317061.0
Numquam dolor,team leader,Prerak Salvi,preraksalvi@example.com,919945147871.0
Quidem,team leader,Ryan Gera,ryangera@example.com,4729572722.0
Possimus aliquam,team leader,Fateh Tandon,fatehtandon@example.com,689379580.0
Doloribus,team member,Krish Bose,krishbose@example.com,2949001007.0
Doloribus,team member,Tanya Trivedi,tanyatrivedi@example.com,3559235557.0
Doloribus,team leader,Sahil Subramaniam,sahilsubramaniam@example.com,916396796032.0
Impedit aliquam,team leader,Dhanuk Hayer,dhanukhayer@example.com,911974186460.0
Maxime quos,team leader,Aniruddh Chander,aniruddhchander@example.com,7924270076.0
Maxime quos,team member,Yuvraj  Bali,yuvrajbali@example.com,910807677717.0
Maxime quos,team member,Lavanya Kanda,lavanyakanda@example.com,5532138176.0
Nam deleniti,team leader,Hazel Mane,hazelmane@example.com,9865906390.0
Voluptates error,team leader,Anya Mane,anyamane@example.com,3649241486.0
Autem,team leader,Pranay Yogi,pranayyogi@example.com,914611162072.0
Exercitationem accusamus,team leader,Ira Borde,iraborde@example.com,8879823635.0
Dignissimos amet,team leader,Arhaan Tandon,arhaantandon@example.com,65557455.0
Dignissimos amet,team member,Arhaan Bose,arhaanbose@example.com,4507988808.0
Nesciunt necessitatibus,team leader,Samarth Sibal,samarthsibal@example.com,1244251576.0
Quaerat quos,team leader,Ritvik Walia,ritvikwalia@example.com,917233372529.0
Ducimus fugit,team leader,Jayant Shan,jayantshan@example.com,915274595604.0
Culpa eos,team leader,Vedika Swamy,vedikaswamy@example.com,5272516645.0
Distinctio asperiores,team leader,Raghav Raju,raghavraju@example.com,911966210587.0
Cul dignissimos,team leader,Rhea Reddy,rheareddy@example.com,910111625776.0
Dicta,team leader,Zoya Swaminathan,zoyaswaminathan@example.com,917418534301.0
Possimus enim,team leader,Kimaya Hayer,kimayahayer@example.com,7675223620.0
Iure vitae,team leader,Dhruv Lad,dhruvlad@example.com,919186563057.0
Quibusdam illum,team leader,Ishaan Toor,ishaantoor@example.com,917870667173.0
Saepe esse,team leader,Rati Subramanian,ratisubramanian@example.com,4181398738.0
Ut,team leader,Elakshi Grewal,elakshigrewal@example.com,917011441469.0
Itaque quidem,team leader,Emir Grover,emirgrover@example.com,4227056161.0
Ratione sint,team leader,Jhanvi Joshi,jhanvijoshi@example.com,919904006736.0
Amet incidunt,team member,Ritvik Amble,ritvikamble@example.com,9963146026.0
Amet incidunt,team leader,Vidur Mandal,vidurmandal@example.com,5713506290.0
Amet incidunt,team member,Ishaan Mani,ishaanmani@example.com,3100323094.0
Eaque similique,team leader,Heer Lanka,heerlanka@example.com,85011221.0
Unde porro,team member,Mehul Venkataraman,mehulvenkataraman@example.com,913854164357.0
Unde porro,team member,Bhavin Chaudhari,bhavinchaudhari@example.com,7326016811.0
Unde porro,team leader,Divit Majumdar,divitmajumdar@example.com,913558432334.0
Error perspiciatis,team leader,Seher Wali,seherwali@example.com,919120827482.0
Inventore,team leader,Alisha Walia,alishawalia@example.com,3749003492.0
Inventore,team member,Madhav Ratta,madhavratta@example.com,918238157337.0
Mollitia unde,team leader,Purab Tailor,purabtailor@example.com,4331718106.0
Mollitia unde,team member,Vedika Sha,vedikasha@example.com,916880598698.0
Fuga voluptas,team leader,Anahita Ramachandran,anahitaramachandran@example.com,912412274229.0
Quidem dolore,team leader,Yuvraj  Apte,yuvrajapte@example.com,7150285555.0
Veniam distinctio,team leader,Vedika Borde,vedikaborde@example.com,915131535796.0
Perferendis quia,team leader,Misha Majumdar,mishamajumdar@example.com,910632445985.0
Volestias ad,team leader,Indrajit Sridhar,indrajitsridhar@example.com,911632816343.0
A culque,team leader,Zara Grewal,zaragrewal@example.com,1163093259.0
Aspernatur eaque,team member,Stuvan Solanki,stuvansolanki@example.com,4340497264.0
Aspernatur eaque,team leader,Zeeshan Dalal,zeeshandalal@example.com,5618613191.0
Aspernatur eaque,team member,Kabir Bakshi,kabirbakshi@example.com,914724113859.0
Nam earum,team leader,Ayesha Mahal,ayeshamahal@example.com,911307895716.0
Quis voluptate,team leader,Kashvi Kala,kashvikala@example.com,7650015512.0
Sint eveniet,team leader,Biju Dada,bijudada@example.com,3206760019.0
Ullam quaerat,team leader,Ishaan Sidhu,ishaansidhu@example.com,911020496734.0
Unde voluptates,team leader,Pari Lall,parilall@example.com,912582322709.0
Est unde,team leader,Ranbir Tata,ranbirtata@example.com,7819401491.0
Aliquid maiores,team leader,Krish Ganesh,krishganesh@example.com,5241954524.0
Illo culpa,team leader,Divij Dalal,divijdalal@example.com,8057582205.0
Quibusdam quibusdam,team leader,Krish Master,krishmaster@example.com,915336803329.0
Magnam aut,team leader,Sahil Rama,sahilrama@example.com,4742940547.0
Dicta quaerat,team leader,Zoya Bassi,zoyabassi@example.com,913188983610.0
Quae exercitationem,team leader,Jayant Dhillon,jayantdhillon@example.com,7976527791.0
Sint earum,team leader,Shray Dhillon,shraydhillon@example.com,2660588338.0
Recusandae eaque,team leader,Sara Chaudhary,sarachaudhary@example.com,919264505465.0
Fugiat dignissimos,team leader,Rhea Srinivas,rheasrinivas@example.com,878999037.0
Iure eum,team leader,Divyansh Deo,divyanshdeo@example.com,4378398784.0
Sapiente eveniet,team leader,Jayesh Jani,jayeshjani@example.com,917509276360.0
Sunt perferendis,team leader,Ishita Mani,ishitamani@example.com,915305823821.0
Reiciendis hic,team leader,Gokul Bhalla,gokulbhalla@example.com,914245666816.0
Eligendi,team leader,Mannat Ratta,mannatratta@example.com,8223359188.0
Ducimus inventore,team leader,Zaina Rout,zainarout@example.com,3343807270.0
Quia laboriosam,team leader,Urvi Dayal,urvidayal@example.com,913517465084.0
Sequi perferendis,team leader,Seher Rajan,seherrajan@example.com,6156709871.0
Minus quos,team leader,Indrajit Madan,indrajitmadan@example.com,1121200558.0
Neque tenetur,team leader,Mishti Tandon,mishtitandon@example.com,918017009016.0
Iste quisquam,team leader,Saira Wali,sairawali@example.com,7963801451.0
Doloremque ut,team leader,Bhavin Bala,bhavinbala@example.com,5921133674.0
Hic nulla,team leader,Nirvi Goswami,nirvigoswami@example.com,908778388.0
Quasi,leader,Farhan Ramesh,farhanramesh@example.com,9378726098.0
Quod facilis,leader,Emir Sankaran,emirsankaran@example.com,7142657970.0
Culque deserunt,leader,Aaryahi Sule,aaryahisule@example.com,5396756934.0
Nesciunt,leader,Riaan Dave,riaandave@example.com,918530403071.0
Architecto neque,leader,Prerak Sant,preraksant@example.com,6732270572.0
Aspernatur harum,leader,Samar Mandal,samarmandal@example.com,3558241866.0
Sapiente eius,leader,Riaan Sani,riaansani@example.com,4307050694.0
Modi,leader,Aaina Doctor,aainadoctor@example.com,4333637794.0
Eveniet ipsa,leader,Uthkarsh Chhabra,uthkarshchhabra@example.com,912706700399.0
Quo,leader,Amira Desai,amiradesai@example.com,354371597.0
Iure,leader,Zara Cherian,zaracherian@example.com,915449369251.0
Saepe perferendis,leader,Kanav Chacko,kanavchacko@example.com,674571534.0
Ullam temporibus,leader,Kiaan Sodhi,kiaansodhi@example.com,2340102766.0
Aliquid,leader,Advika Singh,advikasingh@example.com,918196499626.0
Nesciunt alias,leader,Aarna Kata,aarnakata@example.com,7887641418.0
Nihil a,leader,Ivana Chandra,ivanachandra@example.com,914029365757.0
Inventore illo,leader,Riya Dayal,riyadayal@example.com,8428318379.0
Ipsa,leader,Kabir Buch,kabirbuch@example.com,4600534849.0
Recusandae fuga,leader,Miraya Rajan,mirayarajan@example.com,910381717236.0
Autem blanditiis,leader,Jiya Srivastava,jiyasrivastava@example.com,2139726853.0
Aspernatur consectetur,leader,Lavanya Hayre,lavanyahayre@example.com,911508404903.0
Ullam,leader,Siya Shukla,siyashukla@example.com,3283538997.0
Incidunt,leader,Mishti Mall,mishtimall@example.com,913470163634.0
Mollitia,leader,Vivaan Sinha,vivaansinha@example.com,6813668180.0
Quo et,leader,Uthkarsh Swaminathan,uthkarshswaminathan@example.com,895524744.0
Eum corrupti,leader,Yuvraj  Mahal,yuvrajmahal@example.com,4538934671.0
Eaque eligendi,leader,Neelofar D’Alia,neelofardalia@example.com,917150559050.0
Enim sequi,leader,Kartik Khatri,kartikkhatri@example.com,916765567574.0
Hic minima,leader,Neelofar Shan,neelofarshan@example.com,6875628284.0
Nesciunt doloribus,leader,Siya Sandal,siyasandal@example.com,1720337951.0
Dolorum,leader,Jivika Barad,jivikabarad@example.com,5043802453.0
Quibusdam perferendis,leader,Ishita Tandon,ishitatandon@example.com,919448803839.0
Vel mollitia,leader,Misha Borde,mishaborde@example.com,1777301293.0
Non,leader,Ivan Butala,ivanbutala@example.com,20086671.0
Fuga inventore,leader,Oorja Vasa,oorjavasa@example.com,6874221424.0
Soluta pariatur,leader,Inaaya  Bail,inaayabail@example.com,1091292963.0
Laboriosam laboriosam,leader,Shray Subramaniam,shraysubramaniam@example.com,1991157894.0
Id,leader,Amira Deo,amiradeo@example.com,914122039484.0
Laboriosam,leader,Shamik Manda,shamikmanda@example.com,6265823534.0
Volestias,leader,Ela Ghose,elaghose@example.com,910602419024.0
Ipsum ab,leader,Indranil Kumer,indranilkumer@example.com,333558103.0
Qui nostrum,leader,Zara Sura,zarasura@example.com,9602993648.0
Itaque illo,leader,Biju Dutta,bijudutta@example.com,6764043378.0
Id necessitatibus,leader,Myra Soman,myrasoman@example.com,764975337.0
Iure unde,leader,Darshit Kota,darshitkota@example.com,3331408017.0
Occaecati dolores,leader,Anvi Jhaveri,anvijhaveri@example.com,2358125736.0
Quod,leader,Hansh Ben,hanshben@example.com,918502694149.0
Consequatur,leader,Alia Bandi,aliabandi@example.com,1066507907.0
Labore soluta,leader,Devansh Yohannan,devanshyohannan@example.com,599620618.0
Laboriosam aspernatur,leader,Indrajit Dada,indrajitdada@example.com,3613209580.0
Nulla,leader,Purab Divan,purabdivan@example.com,7720318939.0
Nisi minima,leader,Riya Koshy,riyakoshy@example.com,911197134221.0
Ad a,leader,Riaan Bala,riaanbala@example.com,4935175496.0
Corporis,leader,Umang Ramaswamy,umangramaswamy@example.com,7254844198.0
Animi,leader,Ela Warrior,elawarrior@example.com,7550287369.0
Similique,leader,Adah Mangal,adahmangal@example.com,7261056546.0
Cupiditate distinctio,leader,Rasha Aggarwal,rashaaggarwal@example.com,3955266262.0
Error ad,leader,Diya Dada,diyadada@example.com,1735351614.0
Minus quasi,leader,Suhana Talwar,suhanatalwar@example.com,917498170808.0
Volestiae,leader,Diya Sibal,diyasibal@example.com,7419836132.0
Possimus exercitationem,leader,Tara Sinha,tarasinha@example.com,4236294009.0
Blanditiis eligendi,leader,Ahana  Mahajan,ahanamahajan@example.com,916530970730.0
Et,leader,Nakul Swaminathan,nakulswaminathan@example.com,2825376360.0
Placeat eaque,leader,Kaira Karpe,kairakarpe@example.com,912883974944.0
Saepe praesentium,leader,Tanya Das,tanyadas@example.com,3633313752.0
Veniam a,leader,Vardaniya Upadhyay,vardaniyaupadhyay@example.com,368310383.0
Libero soluta,leader,Umang De,umangde@example.com,2632201661.0
Odio praesentium,leader,Ehsaan Rau,ehsaanrau@example.com,5247036335.0
Incidunt libero,leader,Tejas Upadhyay,tejasupadhyay@example.com,6372451250.0
Volestias qui,leader,Jayan Balakrishnan,jayanbalakrishnan@example.com,946098500.0
Adipisci eos,leader,Nakul Som,nakulsom@example.com,3720111394.0
Et libero,leader,Amira Gade,amiragade@example.com,913221779533.0
Voluptatem,leader,Zara Warrior,zarawarrior@example.com,917964677891.0
Provident adipisci,leader,Kanav Tailor,kanavtailor@example.com,4878116808.0
Beatae,leader,Saira Tara,sairatara@example.com,4990115864.0
Eligendi enim,leader,Tushar Krish,tusharkrish@example.com,914793975094.0
Voluptate explicabo,leader,Aarush Rana,aarushrana@example.com,919175168327.0
Voluptas soluta,leader,Ehsaan Andra,ehsaanandra@example.com,910976709890.0
Maxime impedit,leader,Mannat D’Alia,mannatdalia@example.com,5575483692.0
Pariatur explicabo,leader,Aniruddh Toor,aniruddhtoor@example.com,5632252563.0
Culque facere,leader,Nitya Koshy,nityakoshy@example.com,1171986717.0
Recusandae harum,leader,Lakshit Gill,lakshitgill@example.com,4930511529.0
Volestias unde,leader,Advika Majumdar,advikamajumdar@example.com,3541659987.0
Eaque molestiae,leader,Ahana  Kalita,ahanakalita@example.com,2896483698.0
Laboriosam laborum,leader,Bhamini Loke,bhaminiloke@example.com,9208256908.0
Quaerat dolores,leader,Tushar Bava,tusharbava@example.com,1174938675.0
Laborum,leader,Diya Singh,diyasingh@example.com,915622964592.0
Rerum,leader,Abram Sahota,abramsahota@example.com,9478333106.0
Distinctio necessitatibus,leader,Gokul Master,gokulmaster@example.com,949544467.0
Mollitia incidunt,leader,Kaira Thaman,kairathaman@example.com,6061925721.0
Omnis doloremque,leader,Aaryahi Bhargava,aaryahibhargava@example.com,911568575722.0
Consequuntur corporis,leader,Saira Sharma,sairasharma@example.com,918518779124.0
Facere,leader,Hansh Bali,hanshbali@example.com,722214485.0
Laborum voluptatum,leader,Pranay Bail,pranaybail@example.com,2089623100.0
Repudiandae perferendis,leader,Drishya Sabharwal,drishyasabharwal@example.com,2595108434.0
In eveniet,leader,Tushar Ganguly,tusharganguly@example.com,4953441391.0
Fugit quam,leader,Ayesha Sood,ayeshasood@example.com,3027610142.0
Vitae iusto,leader,Sumer Mann,sumermann@example.com,7909575248.0
Reprehenderit necessitatibus,leader,Baiju Chaudhuri,baijuchaudhuri@example.com,2095962885.0
Incidunt alias,leader,Ritvik Dalal,ritvikdalal@example.com,8926593501.0
Adipisci accusamus,leader,Anya Gola,anyagola@example.com,9077133972.0
Architecto,leader,Yuvraj  Handa,yuvrajhanda@example.com,915749868321.0
Illum aliquam,leader,Aarush Arora,aarusharora@example.com,5374205510.0
Laudantium a,leader,Dishani Bakshi,dishanibakshi@example.com,4301911647.0
Aut minima,leader,Hunar Kothari,hunarkothari@example.com,7606541224.0
Culpa eveniet,leader,Sara Bhat,sarabhat@example.com,1778474883.0
Ipsa numquam,leader,Lakshit Kala,lakshitkala@example.com,4410940172.0
Illum necessitatibus,leader,Hrishita Jani,hrishitajani@example.com,910836705358.0
Laboriosam accusantium,leader,Manjari Sur,manjarisur@example.com,910309828699.0
Exercitationem,leader,Tanya Apte,tanyaapte@example.com,912042445120.0
Error,leader,Indranil Shroff,indranilshroff@example.com,6258093746.0
Amet doloribus,leader,Yuvaan Sundaram,yuvaansundaram@example.com,916430691289.0
Eum voluptate,leader,Anaya Karpe,anayakarpe@example.com,9770233127.0
Maxime,leader,Keya Chanda,keyachanda@example.com,913827983751.0
Ea mollitia,leader,Ahana  Venkatesh,ahanavenkatesh@example.com,5384753072.0
Minima nostrum,leader,Mishti Gola,mishtigola@example.com,5372173703.0
Aut,leader,Suhana Brahmbhatt,suhanabrahmbhatt@example.com,3486613428.0
Esse tenetur,leader,Priyansh Bail,priyanshbail@example.com,114642090.0
Quis quaerat,leader,Ranbir Dhawan,ranbirdhawan@example.com,9705686670.0
Ea,leader,Vaibhav Gara,vaibhavgara@example.com,3484475187.0
Quasi sit,leader,Rati Cheema,raticheema@example.com,919853121398.0
Inventore aut,leader,Fateh Date,fatehdate@example.com,9539537921.0
Temporibus,leader,Shray Jaggi,shrayjaggi@example.com,918786952043.0
Ab quasi,leader,Ritvik Kaur,ritvikkaur@example.com,3940885478.0
A natus,leader,Samiha Amble,samihaamble@example.com,918066106332.0
Ad eum,leader,Trisha Keer,trishakeer@example.com,9717954864.0
Necessitatibus omnis,leader,Prerak Sachdeva,preraksachdeva@example.com,1946988095.0
Deserunt,leader,Indrajit Desai,indrajitdesai@example.com,915719983932.0
Minus mollitia,leader,Elakshi Karpe,elakshikarpe@example.com,5573995171.0
Voluptatibus,leader,Kabir Chada,kabirchada@example.com,910873216500.0
Magnam id,leader,Ishaan Iyengar,ishaaniyengar@example.com,917629600419.0
Facilis facilis,leader,Mahika Kadakia,mahikakadakia@example.com,917889878038.0
Quis,leader,Ela Chaudry,elachaudry@example.com,2599283146.0
Tempora quod,leader,Tushar Chaudhari,tusharchaudhari@example.com,3123788242.0
Consequuntur incidunt,leader,Nehmat Sawhney,nehmatsawhney@example.com,917474056852.0
Quisquam,leader,Jhanvi Choudhury,jhanvichoudhury@example.com,2453845926.0
Dolores dolores,leader,Emir Vyas,emirvyas@example.com,6324050813.0
Atque,leader,Akarsh Din,akarshdin@example.com,6904501084.0
Ab eius,leader,Aaryahi Gara,aaryahigara@example.com,9207423064.0
Harum corrupti,leader,Anaya Ratti,anayaratti@example.com,919080297730.0
Repudiandae,leader,Tarini Karan,tarinikaran@example.com,6449838116.0
Quae delectus,leader,Yakshit Sarna,yakshitsarna@example.com,919626300878.0
Unde,leader,Ivana Dhillon,ivanadhillon@example.com,8235233523.0
Sint consectetur,leader,Anahita Shetty,anahitashetty@example.com,8892115993.0
Ipsam enim,leader,Indranil Bhasin,indranilbhasin@example.com,3093665172.0
Tempore,leader,Keya Rattan,keyarattan@example.com,915127852121.0
Nihil,leader,Neelofar Bhavsar,neelofarbhavsar@example.com,6292098712.0
Laboriosam vel,leader,Divyansh Tiwari,divyanshtiwari@example.com,4371152331.0
Officiis quaerat,leader,Shaan Subramaniam,shaansubramaniam@example.com,2860305971.0
Rerum repudiandae,leader,Tushar Chaudhari,tusharchaudhari@example.com,2752979965.0
Numquam,leader,Urvi Apte,urviapte@example.com,7323415510.0
Occaecati rerum,leader,Farhan Varma,farhanvarma@example.com,3430854416.0
Fugit,leader,Anay D’Alia,anaydalia@example.com,215064612.0
Dolorum beatae,leader,Lagan Doctor,lagandoctor@example.com,6790467347.0
Mollitia officia,leader,Saanvi Balan,saanvibalan@example.com,914400580475.0
Facilis,leader,Tanya Rout,tanyarout@example.com,4133189216.0
Iure dolore,leader,Keya Chaudhari,keyachaudhari@example.com,5874814825.0
Voluptatem illum,leader,Neelofar Dugar,neelofardugar@example.com,9058597207.0
Impedit nobis,leader,Divyansh Venkataraman,divyanshvenkataraman@example.com,912619396215.0
Quia,leader,Anahi Ahuja,anahiahuja@example.com,5839334973.0
Sed,leader,Dhanush Sethi,dhanushsethi@example.com,918173423765.0
Porro earum,leader,Anika Dani,anikadani@example.com,8389476791.0
Quam,leader,Drishya Ram,drishyaram@example.com,916772011569.0
Ea illum,leader,Tara Ramachandran,tararamachandran@example.com,5194068516.0
Aliquam,leader,Zain Karan,zainkaran@example.com,94401773.0
Dolores eum,leader,Shayak Baria,shayakbaria@example.com,5707628016.0
Maxime laboriosam,leader,Charvi Bhatti,charvibhatti@example.com,9714008896.0
Quasi,member,,samarthtella@example.com,
Nesciunt,member,,vivaansathe@example.com,
Nesciunt,member,,daminilall@example.com,
Architecto neque,member,,siyajayaraman@example.com,
Eveniet ipsa,member,,dhanukagarwal@example.com,
Quo,member,,hunarbhagat@example.com,
Iure,member,,divijsehgal@example.com,
Iure,member,,sakshammaster@example.com,
Ullam temporibus,member,,taragaba@example.com,
Aliquid,member,,zaravasa@example.com,
Aliquid,member,,aarnachokshi@example.com,
Nesciunt alias,member,,piyalal@example.com,
Nesciunt alias,member,,hazelcherian@example.com,
Nihil a,member,,daminiravel@example.com,
Inventore illo,member,,tanyaroy@example.com,
Ipsa,member,,armaanchokshi@example.com,
Recusandae fuga,member,,sahilsood@example.com,
Autem blanditiis,member,,vivaankuruvilla@example.com,
Autem blanditiis,member,,kanavd’alia@example.com,
Aspernatur consectetur,member,,nehmatsagar@example.com,
Ullam,member,,sanadhingra@example.com,
Incidunt,member,,ojaschauhan@example.com,
Mollitia,member,,dhanushdayal@example.com,
Mollitia,member,,lakshitkumer@example.com,
Quo et,member,,jivinsarin@example.com,
Eum corrupti,member,,jayeshverma@example.com,
Eaque eligendi,member,,samihakakar@example.com,
Eaque eligendi,member,,kartikthaman@example.com,
Hic minima,member,,amiramangal@example.com,
Hic minima,member,,urvibhargava@example.com,
Dolorum,member,,aradhyahanda@example.com,
Dolorum,member,,alialuthra@example.com,
Quibusdam perferendis,member,,advikahayre@example.com,
Quibusdam perferendis,member,,irakala@example.com,
Vel mollitia,member,,zainaratti@example.com,
Non,member,,aarushdutta@example.com,
Non,member,,reyanshlala@example.com,
Fuga inventore,member,,zainabail@example.com,
Fuga inventore,member,,prerakbatta@example.com,
Soluta pariatur,member,,alishasaraf@example.com,
Soluta pariatur,member,,shaanbains@example.com,
Id,member,,ahanahora@example.com,
Id,member,,indranilchatterjee@example.com,
Laboriosam,member,,lakshayraju@example.com,
Laboriosam,member,,advikdar@example.com,
Qui nostrum,member,,uthkarshdeol@example.com,
Iure unde,member,,arhaanmaster@example.com,
Iure unde,member,,ratichad@example.com,
Occaecati dolores,member,,taradey@example.com,
Occaecati dolores,member,,vritikamanne@example.com,
Quod,member,,veerwadhwa@example.com,
Labore soluta,member,,taimurgarg@example.com,
Laboriosam aspernatur,member,,nehmatbassi@example.com,
Laboriosam aspernatur,member,,samihakala@example.com,
Nulla,member,,piyavasa@example.com,
Nulla,member,,anaysibal@example.com,
Ad a,member,,fatehsama@example.com,
Corporis,member,,dhanukbhagat@example.com,
Corporis,member,,nitarabrahmbhatt@example.com,
Animi,member,,lakshitcomar@example.com,
Similique,member,,alialalla@example.com,
Cupiditate distinctio,member,,lakshitaggarwal@example.com,
Error ad,member,,rheabora@example.com,
Minus quasi,member,,farhanbhatti@example.com,
Minus quasi,member,,ryansamra@example.com,
Volestiae,member,,advikadyal@example.com,
Possimus exercitationem,member,,jayeshmall@example.com,
Possimus exercitationem,member,,jivikamallick@example.com,
Et,member,,purabedwin@example.com,
Saepe praesentium,member,,ratisandhu@example.com,
Veniam a,member,,kabirdyal@example.com,
Libero soluta,member,,samarkar@example.com,
Odio praesentium,member,,yashvichakraborty@example.com,
Incidunt libero,member,,farhansarin@example.com,
Incidunt libero,member,,anyadora@example.com,
Volestias qui,member,,tiyakannan@example.com,
Adipisci eos,member,,yuvaanlanka@example.com,
Voluptatem,member,,armaanbahri@example.com,
Voluptatem,member,,mishtimann@example.com,
Provident adipisci,member,,neelofarbarman@example.com,
Provident adipisci,member,,bhavinwadhwa@example.com,
Beatae,member,,nehmatravi@example.com,
Eligendi enim,member,,jivikabhat@example.com,
Voluptas soluta,member,,emirsarraf@example.com,
Maxime impedit,member,,aayushsawhney@example.com,
Pariatur explicabo,member,,indrajitsaini@example.com,
Pariatur explicabo,member,,arnavdeep@example.com,
Culque facere,member,,tarakota@example.com,
Recusandae harum,member,,elakshichaudhry@example.com,
Volestias unde,member,,priyanshbarman@example.com,
Volestias unde,member,,manikyawagle@example.com,
Laborum,member,,dharmajanmahajan@example.com,
Rerum,member,,fatehkhanna@example.com,
Distinctio necessitatibus,member,,vritikakamdar@example.com,
Distinctio necessitatibus,member,,reneevarkey@example.com,
Mollitia incidunt,member,,mamootymaharaj@example.com,
Mollitia incidunt,member,,taimurkeer@example.com,
Omnis doloremque,member,,zaindutta@example.com,
Consequuntur corporis,member,,amirasidhu@example.com,
Laborum voluptatum,member,,aayushsha@example.com,
Reprehenderit necessitatibus,member,,paridugal@example.com,
Reprehenderit necessitatibus,member,,ishaanaggarwal@example.com,
Adipisci accusamus,member,,ahanadixit@example.com,
Illum aliquam,member,,yasminvarty@example.com,
Laudantium a,member,,raunakvarughese@example.com,
Laudantium a,member,,krishkarnik@example.com,
Culpa eveniet,member,,anyaranganathan@example.com,
Culpa eveniet,member,,inaayamammen@example.com,
Ipsa numquam,member,,bijucherian@example.com,
Illum necessitatibus,member,,stuvangupta@example.com,
Illum necessitatibus,member,,romilrama@example.com,
Error,member,,indranschaudhary@example.com,
Amet doloribus,member,,tiyadhillon@example.com,
Eum voluptate,member,,siyachakrabarti@example.com,
Quis quaerat,member,,fatehsastry@example.com,
Quis quaerat,member,,nayantaradave@example.com,
Ea,member,,aaravtoor@example.com,
Inventore aut,member,,aliasankar@example.com,
Temporibus,member,,hridaanwarrior@example.com,
Temporibus,member,,ahanachaudhari@example.com,
Ab quasi,member,,drishyajohal@example.com,
Ad eum,member,,drishyadixit@example.com,
Ad eum,member,,adviktrivedi@example.com,
Necessitatibus omnis,member,,tejaskannan@example.com,
Necessitatibus omnis,member,,ayeshalad@example.com,
Minus mollitia,member,,devanshrama@example.com,
Voluptatibus,member,,yuvrajdara@example.com,
Magnam id,member,,kavyaraval@example.com,
Tempora quod,member,,reneelanka@example.com,
Tempora quod,member,,indranildass@example.com,
Consequuntur incidunt,member,,parinaazdugar@example.com,
Consequuntur incidunt,member,,amanikar@example.com,
Dolores dolores,member,,dhanukkorpal@example.com,
Dolores dolores,member,,ojaskale@example.com,
Atque,member,,sakshamdate@example.com,
Ab eius,member,,shlokvarughese@example.com,
Ab eius,member,,krishmadan@example.com,
Harum corrupti,member,,sanamajumdar@example.com,
Harum corrupti,member,,aniruddhbava@example.com,
Repudiandae,member,,anahichandran@example.com,
Repudiandae,member,,divyanshdugal@example.com,
Quae delectus,member,,anyabhatnagar@example.com,
Quae delectus,member,,nirvibuch@example.com,
Unde,member,,riyathakur@example.com,
Sint consectetur,member,,zaindani@example.com,
Sint consectetur,member,,kashvitandon@example.com,
Ipsam enim,member,,advikabhardwaj@example.com,
Nihil,member,,shanayaiyengar@example.com,
Laboriosam vel,member,,arhaanraju@example.com,
Laboriosam vel,member,,nirvaanvohra@example.com,
Officiis quaerat,member,,dishanibabu@example.com,
Numquam,member,,arnavbedi@example.com,
Occaecati rerum,member,,mohanlalbhalla@example.com,
Dolorum beatae,member,,anaysarin@example.com,
Dolorum beatae,member,,romilrege@example.com,
Mollitia officia,member,,zaramaharaj@example.com,
Mollitia officia,member,,aarushborah@example.com,
Facilis,member,,keyagoswami@example.com,
Iure dolore,member,,nitarakumar@example.com,
Voluptatem illum,member,,urvideshpande@example.com,
Impedit nobis,member,,divijbhatt@example.com,
Impedit nobis,member,,hazelchatterjee@example.com,
Quia,member,,ryansule@example.com,
Quia,member,,zarawali@example.com,
Porro earum,member,,yuvaanhans@example.com,
Porro earum,member,,reyanshbhatti@example.com,
Quam,member,,baijutripathi@example.com,
Ea illum,member,,ojasagrawal@example.com,
Aliquam,member,,adahmalhotra@example.com,
